{
  "title": "Centre Commercial Plateau",
  "category": "Commercial",
  "location": "Abidjan, Plateau",
  "year": "2023",
  "image": "https://images.pexels.com/photos/2219024/pexels-photo-2219024.jpeg?auto=compress&cs=tinysrgb&w=800",
  "description": "Réalisation d'un centre commercial moderne avec parking souterrain et espaces de restauration.",
  "details": "Centre commercial de 3 niveaux avec 80 boutiques, food court, cinéma et parking de 200 places. Architecture moderne avec façade en verre et acier.",
  "surface": "8,000 m²",
  "budget": "4.2 milliards FCFA",
  "gallery": [],
  "order": 2
}