{
  "title": "Complexe Résidentiel Les Palmiers",
  "category": "Résidentiel",
  "location": "Abidjan, Cocody",
  "year": "2023",
  "image": "https://images.pexels.com/photos/1396122/pexels-photo-1396122.jpeg?auto=compress&cs=tinysrgb&w=800",
  "description": "Construction d'un complexe résidentiel moderne de 50 logements avec espaces verts et équipements communautaires.",
  "details": "Ce projet ambitieux comprend 50 logements de standing répartis sur 3 bâtiments, avec piscine, aire de jeux pour enfants, parking souterrain et espaces verts paysagers. Livré en 18 mois.",
  "surface": "5,000 m²",
  "budget": "2.5 milliards FCFA",
  "gallery": [],
  "order": 1
}