{
  "title": "Travaux Publics",
  "description": "Aménagement d'infrastructures publiques et privées selon les normes en vigueur avec une expertise reconnue.",
  "details": "Nous réalisons tous types d'infrastructures publiques et privées, en respectant les cahiers des charges les plus exigeants et en utilisant des équipements de pointe.",
  "image": "https://images.pexels.com/photos/1906794/pexels-photo-1906794.jpeg?auto=compress&cs=tinysrgb&w=800",
  "icon": "Truck",
  "features": [
    "Construction et réfection de routes",
    "Réseaux de canalisations",
    "Terrassement et nivellement",
    "VRD (Voirie et Réseaux Divers)",
    "Aménagements urbains",
    "Ouvrages d'art"
  ],
  "order": 3
}