{
  "section_title": "À Propos de TP N'SIKAN",
  "main_description": "Depuis plus de 15 ans, TP N'SIKAN PROJET ESPOIR s'impose comme un acteur majeur du secteur de la construction et des travaux publics en Côte d'Ivoire.",
  "secondary_description": "Notre entreprise s'est bâtie sur des valeurs solides : l'excellence, la qualité, l'innovation et le respect des délais. Nous accompagnons nos clients dans la réalisation de leurs projets les plus ambitieux, qu'il s'agisse de constructions résidentielles, commerciales ou d'infrastructures publiques.",
  "mission": "Fournir des services de construction et de travaux publics de haute qualité, en respectant les délais et les budgets, tout en contribuant au développement durable de la Côte d'Ivoire.",
  "vision": "Devenir la référence en matière de construction et de travaux publics en Afrique de l'Ouest, reconnue pour son expertise, son innovation et son engagement envers l'excellence.",
  "director_name": "Koffi Diabaté",
  "director_position": "Directeur Général"
}